Date,Narration,Debit,Credit
01/08/2026,UPI/Monthly allowance from Dad,,32000
01/08/2026,UPI/Riya Shah,379,
02/08/2026,UPI/Zomato order,426,
02/08/2026,UPI/Swiggy food order,375,
02/08/2026,UPI/Swiggy food order,278,
03/08/2026,UPI/Groww SIP mutual fund,2000,
03/08/2026,UPI/Zomato order,402,
03/08/2026,UPI/Blinkit groceries,391,
04/08/2026,UPI/Zomato order,279,
04/08/2026,UPI/Blinkit groceries,399,
04/08/2026,UPI/Blinkit groceries,383,
04/08/2026,UPI/Rapido bike ride,76,
05/08/2026,Airtel mobile recharge,349,
05/08/2026,UPI/Swiggy food order,217,
05/08/2026,UPI/Swiggy food order,274,
05/08/2026,UPI/Rapido bike ride,105,
06/08/2026,UPI/Rapido bike ride,93,
07/08/2026,UPI/Zomato order,190,
08/08/2026,Spotify premium,119,
08/08/2026,UPI/Zomato order,204,
08/08/2026,UPI/Swiggy food order,295,
09/08/2026,Flipkart order,1064,
10/08/2026,Netflix subscription,199,
10/08/2026,UPI/Aarav Mehta,602,
11/08/2026,UPI/Zomato order,436,
11/08/2026,Amazon purchase,1830,
12/08/2026,UPI/Hostel mess fees,3500,
12/08/2026,UPI/Uber trip,180,
12/08/2026,UPI/Riya Shah,109,
13/08/2026,UPI/Zomato order,356,
14/08/2026,UPI/Zomato order,293,
14/08/2026,UPI/Zomato order,196,
14/08/2026,UPI/Rapido bike ride,43,
16/08/2026,UPI/Uber trip,295,
18/08/2026,UPI/Starbucks cafe,312,
19/08/2026,UPI/Swiggy food order,178,
19/08/2026,UPI/Swiggy food order,368,
19/08/2026,UPI/Swiggy food order,285,
19/08/2026,UPI/Blinkit groceries,268,
19/08/2026,UPI/Zepto,330,
19/08/2026,UPI/Uber trip,180,
20/08/2026,UPI/Zepto,144,
20/08/2026,UPI/Rapido bike ride,109,
20/08/2026,Amazon purchase,1393,
20/08/2026,Udemy course python,499,
21/08/2026,UPI/Blinkit groceries,210,
21/08/2026,UPI/PVR cinema,394,
22/08/2026,UPI/Zepto,228,
22/08/2026,UPI/Starbucks cafe,232,
22/08/2026,UPI/Apollo Pharmacy,154,
22/08/2026,UPI/Aarav Mehta,675,
24/08/2026,UPI/Rapido bike ride,71,
24/08/2026,UPI/Apollo Pharmacy,492,
25/08/2026,UPI/Zepto,172,
25/08/2026,UPI/Uber trip,169,
26/08/2026,UPI/Uber trip,156,
26/08/2026,Amazon purchase,1304,
27/08/2026,UPI/Blinkit groceries,447,
27/08/2026,Flipkart order,531,
29/08/2026,UPI/Starbucks cafe,351,
29/08/2026,UPI/Aarav Mehta,568,
01/09/2026,UPI/Monthly allowance from Dad,,32000
01/09/2026,Flipkart order,687,
01/09/2026,UPI/Apollo Pharmacy,522,
02/09/2026,UPI/Blinkit groceries,339,
02/09/2026,UPI/Uber trip,140,
03/09/2026,UPI/Groww SIP mutual fund,2000,
03/09/2026,UPI/Aarav Mehta,587,
04/09/2026,UPI/Zomato order,313,
04/09/2026,UPI/Uber trip,188,
04/09/2026,UPI/Rapido bike ride,106,
04/09/2026,Amazon purchase,1949,
05/09/2026,Airtel mobile recharge,349,
05/09/2026,UPI/Zomato order,379,
05/09/2026,UPI/Swiggy food order,169,
05/09/2026,UPI/Swiggy food order,203,
05/09/2026,UPI/Blinkit groceries,451,
05/09/2026,UPI/Rapido bike ride,84,
06/09/2026,UPI/Aarav Mehta,349,
07/09/2026,UPI/Zomato order,387,
07/09/2026,UPI/Uber trip,133,
07/09/2026,UPI/Uber trip,208,
07/09/2026,UPI/Rapido bike ride,83,
08/09/2026,Spotify premium,119,
08/09/2026,UPI/Swiggy food order,153,
08/09/2026,UPI/Riya Shah,236,
09/09/2026,UPI/Zomato order,419,
09/09/2026,UPI/Zomato order,371,
09/09/2026,UPI/Aarav Mehta,463,
10/09/2026,Netflix subscription,199,
10/09/2026,UPI/Swiggy food order,151,
10/09/2026,UPI/Starbucks cafe,234,
10/09/2026,UPI/PVR cinema,495,
12/09/2026,UPI/Hostel mess fees,3500,
12/09/2026,UPI/Swiggy food order,307,
12/09/2026,UPI/Rapido bike ride,82,
13/09/2026,UPI/Zomato order,286,
13/09/2026,UPI/Swiggy food order,370,
13/09/2026,UPI/Zepto,193,
13/09/2026,UPI/Zepto,117,
14/09/2026,UPI/Zomato order,413,
14/09/2026,UPI/Swiggy food order,273,
14/09/2026,UPI/Aarav Mehta returned for dinner,,350
15/09/2026,UPI/Zomato order,288,
15/09/2026,UPI/Starbucks cafe,297,
16/09/2026,UPI/Zomato order,202,
16/09/2026,UPI/Rapido bike ride,49,
16/09/2026,UPI/Starbucks cafe,379,
17/09/2026,UPI/Blinkit groceries,576,
17/09/2026,Flipkart order,906,
18/09/2026,Amazon refund,,420
19/09/2026,UPI/Swiggy food order,192,
19/09/2026,UPI/Uber trip,150,
20/09/2026,UPI/Blinkit groceries,392,
20/09/2026,UPI/Rapido bike ride,42,
21/09/2026,UPI/Blinkit groceries,445,
21/09/2026,UPI/Zepto,194,
22/09/2026,UPI/Zepto,297,
23/09/2026,Amazon purchase,655,
23/09/2026,UPI/Apollo Pharmacy,408,
24/09/2026,Amazon purchase,882,
25/09/2026,UPI/Blinkit groceries,577,
25/09/2026,UPI/Riya Shah,226,
